,Date,Actual_ILI_Rate,Predicted_ILI_Rate
0,2014-09-08,3.1674714,2.9560285
1,2014-09-09,3.2492142,3.4293709
2,2014-09-10,3.330957,2.5952492
3,2014-09-11,3.4127,2.579557
4,2014-09-12,3.3934429,2.8051693
5,2014-09-13,3.374186,3.207234
6,2014-09-14,3.3549285,3.2948773
7,2014-09-15,3.3356712,2.481073
8,2014-09-16,3.3164144,2.3525095
9,2014-09-17,3.2971568,2.9309785
10,2014-09-18,3.2779,2.7675655
11,2014-09-19,3.4005,3.761474
12,2014-09-20,3.5231,4.28065
13,2014-09-21,3.6457,4.9682155
14,2014-09-22,3.7682998,3.7175908
15,2014-09-23,3.8909001,4.084913
16,2014-09-24,4.0135,3.4027698
17,2014-09-25,4.1361,2.1632116
18,2014-09-26,4.1692142,2.9985166
19,2014-09-27,4.2023287,3.8828938
20,2014-09-28,4.2354426,4.1388793
21,2014-09-29,4.268557,3.8594813
22,2014-09-30,4.3016715,5.226823
23,2014-10-01,4.334786,4.4222326
24,2014-10-02,4.3679,5.163781
25,2014-10-03,4.483357,5.8454614
26,2014-10-04,4.5988145,5.377965
27,2014-10-05,4.7142715,6.220187
28,2014-10-06,4.8297286,5.652093
29,2014-10-07,4.9451857,4.783791
30,2014-10-08,5.0606427,5.4513907
31,2014-10-09,5.1761,6.398291
32,2014-10-10,5.3464,5.119815
33,2014-10-11,5.5167,6.594107
34,2014-10-12,5.687,8.03562
35,2014-10-13,5.8573,4.5928984
36,2014-10-14,6.0276,5.802438
37,2014-10-15,6.1979,7.1170883
38,2014-10-16,6.3682,6.9766207
39,2014-10-17,6.2337284,8.4243145
40,2014-10-18,6.099257,5.975411
41,2014-10-19,5.9647856,8.119163
42,2014-10-20,5.830314,8.103841
43,2014-10-21,5.6958427,6.7351775
44,2014-10-22,5.5613713,6.980198
45,2014-10-23,5.4269,6.3760867
46,2014-10-24,5.373343,6.4095864
47,2014-10-25,5.3197856,6.460479
48,2014-10-26,5.2662287,6.6035256
49,2014-10-27,5.2126713,7.402831
50,2014-10-28,5.1591144,6.5586586
51,2014-10-29,5.105557,6.878211
52,2014-10-30,5.052,8.202477
53,2014-10-31,5.0911,7.3231683
54,2014-11-01,5.1302,8.267738
55,2014-11-02,5.1693,6.3525386
56,2014-11-03,5.2084,5.953245
57,2014-11-04,5.2475,6.833056
58,2014-11-05,5.2866,6.8798776
59,2014-11-06,5.3257,6.69928
60,2014-11-07,5.3834715,6.5599723
61,2014-11-08,5.4412427,7.0958223
62,2014-11-09,5.4990144,8.0788
63,2014-11-10,5.5567856,7.570829
64,2014-11-11,5.6145573,7.6496763
65,2014-11-12,5.6723285,8.3299885
66,2014-11-13,5.7301,8.817762
67,2014-11-14,5.784257,8.237883
68,2014-11-15,5.838414,8.309282
69,2014-11-16,5.8925714,8.999484
70,2014-11-17,5.9467287,8.387104
71,2014-11-18,6.0008855,8.485846
72,2014-11-19,6.0550427,7.4818482
73,2014-11-20,6.1092,7.515963
74,2014-11-21,6.227114,6.550946
75,2014-11-22,6.3450284,6.3178434
76,2014-11-23,6.462943,7.399994
77,2014-11-24,6.5808573,8.061598
78,2014-11-25,6.6987715,7.313964
79,2014-11-26,6.8166857,7.7875414
80,2014-11-27,6.9346,8.2088995
81,2014-11-28,7.316672,7.9789877
82,2014-11-29,7.698743,7.2716475
83,2014-11-30,8.080814,8.958792
84,2014-12-01,8.462886,8.611767
85,2014-12-02,8.844957,9.217953
86,2014-12-03,9.227029,8.869626
87,2014-12-04,9.6091,8.103694
88,2014-12-05,9.919857,5.780572
89,2014-12-06,10.230615,8.722826
90,2014-12-07,10.541371,8.506514
91,2014-12-08,10.852129,9.603479
92,2014-12-09,11.162886,10.20243
93,2014-12-10,11.473643,9.0796175
94,2014-12-11,11.7844,8.800154
95,2014-12-12,12.6987,9.335382
96,2014-12-13,13.613001,9.8302
97,2014-12-14,14.5273,10.620831
98,2014-12-15,15.4416,9.581385
99,2014-12-16,16.3559,10.109317
100,2014-12-17,17.2702,11.465161
101,2014-12-18,18.1845,11.720207
102,2014-12-19,17.399942,13.928515
103,2014-12-20,16.615385,14.282799
104,2014-12-21,15.830829,13.485739
105,2014-12-22,15.04627,14.406656
106,2014-12-23,14.261714,15.639928
107,2014-12-24,13.477158,14.179571
108,2014-12-25,12.6926,14.262598
109,2014-12-26,13.650043,16.394321
110,2014-12-27,14.607486,17.185833
111,2014-12-28,15.564929,17.752811
112,2014-12-29,16.522371,19.98224
113,2014-12-30,17.479815,20.210417
114,2014-12-31,18.437258,19.621223
115,2015-01-01,19.3947,19.209486
116,2015-01-02,19.824556,18.259594
117,2015-01-03,20.254414,20.315067
118,2015-01-04,20.68427,21.579454
119,2015-01-05,21.114128,21.614683
120,2015-01-06,21.543985,22.156475
121,2015-01-07,21.973843,20.259926
122,2015-01-08,22.4037,21.451607
123,2015-01-09,21.431557,20.141584
124,2015-01-10,20.459414,19.814625
125,2015-01-11,19.487272,20.269085
126,2015-01-12,18.51513,19.169827
127,2015-01-13,17.542986,19.233091
128,2015-01-14,16.570843,19.031076
129,2015-01-15,15.5987,17.805477
130,2015-01-16,15.283915,18.41437
131,2015-01-17,14.969129,16.420414
132,2015-01-18,14.654343,15.390961
133,2015-01-19,14.339557,14.063724
134,2015-01-20,14.024771,13.98972
135,2015-01-21,13.709986,12.805593
136,2015-01-22,13.3952,11.865175
137,2015-01-23,13.305928,12.171473
138,2015-01-24,13.216657,12.1426
139,2015-01-25,13.127386,10.161386
140,2015-01-26,13.038115,9.281806
141,2015-01-27,12.948843,9.987109
142,2015-01-28,12.859571,10.914062
143,2015-01-29,12.7703,12.103769
144,2015-01-30,12.768043,11.558488
145,2015-01-31,12.765786,10.665446
146,2015-02-01,12.763529,11.244752
147,2015-02-02,12.761271,11.357237
148,2015-02-03,12.759014,12.177778
149,2015-02-04,12.756757,11.142675
150,2015-02-05,12.7545,10.695249
151,2015-02-06,13.370214,10.207083
152,2015-02-07,13.985929,9.948918
153,2015-02-08,14.601642,11.710375
154,2015-02-09,15.217357,11.348735
155,2015-02-10,15.833072,11.63064
156,2015-02-11,16.448786,11.501432
157,2015-02-12,17.0645,10.940719
158,2015-02-13,16.536943,11.535127
159,2015-02-14,16.009386,11.460073
160,2015-02-15,15.481829,11.817321
161,2015-02-16,14.954271,11.896648
162,2015-02-17,14.426714,10.533291
163,2015-02-18,13.899158,10.840927
164,2015-02-19,13.3716,12.388136
165,2015-02-20,13.416486,11.2753525
166,2015-02-21,13.46137,11.259668
167,2015-02-22,13.506258,11.969664
168,2015-02-23,13.551143,12.196135
169,2015-02-24,13.596028,11.715054
170,2015-02-25,13.640913,12.142248
171,2015-02-26,13.685801,11.548911
172,2015-02-27,13.441542,12.581938
173,2015-02-28,13.197286,14.656187
174,2015-03-01,12.953029,13.5465145
175,2015-03-02,12.708772,12.074466
176,2015-03-03,12.464515,12.907313
177,2015-03-04,12.220257,12.25046
178,2015-03-05,11.976,12.719329
179,2015-03-06,11.8223,11.131396
180,2015-03-07,11.6686,11.799203
181,2015-03-08,11.5149,11.933711
182,2015-03-09,11.3612,11.663333
183,2015-03-10,11.2075,11.276204
184,2015-03-11,11.0538,10.445294
185,2015-03-12,10.9001,10.010666
186,2015-03-13,10.930557,8.780452
187,2015-03-14,10.961015,9.770157
188,2015-03-15,10.991471,10.159141
189,2015-03-16,11.021929,10.58502
190,2015-03-17,11.052385,10.331232
191,2015-03-18,11.082843,9.575859
192,2015-03-19,11.1133,9.744263
193,2015-03-20,11.133414,9.970419
194,2015-03-21,11.153528,9.22928
195,2015-03-22,11.173643,9.853626
196,2015-03-23,11.193757,8.457631
197,2015-03-24,11.213871,7.455125
198,2015-03-25,11.233986,7.7178445
199,2015-03-26,11.2541,8.617202
200,2015-03-27,11.0895,8.096624
201,2015-03-28,10.9249,8.24732
202,2015-03-29,10.7603,7.7851334
203,2015-03-30,10.5957,6.5109506
204,2015-03-31,10.4311,7.4447546
205,2015-04-01,10.2665,7.417512
206,2015-04-02,10.1019,8.606478
207,2015-04-03,9.8330145,7.572863
208,2015-04-04,9.564129,10.158495
209,2015-04-05,9.295243,8.138545
210,2015-04-06,9.026357,8.342416
211,2015-04-07,8.757471,7.8798876
212,2015-04-08,8.488585,9.101023
213,2015-04-09,8.2197,8.054778
214,2015-04-10,8.062928,8.202093
215,2015-04-11,7.906157,8.925897
216,2015-04-12,7.749386,10.776902
217,2015-04-13,7.592614,9.739398
218,2015-04-14,7.435843,9.700073
219,2015-04-15,7.279071,8.800338
220,2015-04-16,7.1223,9.859312
221,2015-04-17,6.8317285,9.432765
222,2015-04-18,6.5411577,9.787103
223,2015-04-19,6.2505856,7.551979
224,2015-04-20,5.9600143,8.567454
225,2015-04-21,5.6694427,7.934592
226,2015-04-22,5.3788714,6.9815445
227,2015-04-23,5.0883,7.9237556
228,2015-04-24,5.0784574,6.5414743
229,2015-04-25,5.0686145,6.297616
230,2015-04-26,5.0587716,5.7509155
231,2015-04-27,5.0489287,5.8958917
232,2015-04-28,5.039086,6.802306
233,2015-04-29,5.029243,5.4828353
234,2015-04-30,5.0194,5.241069
235,2015-05-01,4.841686,5.7305565
236,2015-05-02,4.6639714,4.980354
237,2015-05-03,4.486257,5.1341352
238,2015-05-04,4.3085427,4.5981727
239,2015-05-05,4.1308284,4.7076373
240,2015-05-06,3.9531143,4.0451913
241,2015-05-07,3.7753997,3.7865424
242,2015-05-08,3.7485714,3.5011468
243,2015-05-09,3.721743,3.763514
244,2015-05-10,3.6949143,4.5864353
245,2015-05-11,3.6680858,4.9488115
246,2015-05-12,3.641257,4.6869855
247,2015-05-13,3.6144288,4.9326005
248,2015-05-14,3.5876,4.0825233
249,2015-05-15,3.5951715,3.5610077
250,2015-05-16,3.6027427,3.7093453
251,2015-05-17,3.6103141,4.616967
252,2015-05-18,3.617886,4.3711443
253,2015-05-19,3.625457,4.0254183
254,2015-05-20,3.6330285,3.727759
255,2015-05-21,3.6405997,3.8025517
256,2015-05-22,3.4632428,3.2753227
257,2015-05-23,3.2858856,3.9169018
258,2015-05-24,3.1085286,4.364918
259,2015-05-25,2.9311714,5.416557
260,2015-05-26,2.7538142,5.025939
261,2015-05-27,2.5764573,3.61059
262,2015-05-28,2.3991,3.4482365
263,2015-05-29,2.4952,3.7475019
264,2015-05-30,2.5913,3.5540433
265,2015-05-31,2.6874,4.329728
266,2015-06-01,2.7835,4.258344
267,2015-06-02,2.8796,3.9085166
268,2015-06-03,2.9757,3.4506574
269,2015-06-04,3.0718,2.7354436
270,2015-06-05,2.9782572,2.725238
271,2015-06-06,2.8847144,3.0026536
272,2015-06-07,2.7911713,2.8569481
273,2015-06-08,2.6976285,2.856999
274,2015-06-09,2.6040857,2.2912345
275,2015-06-10,2.5105429,2.7622867
276,2015-06-11,2.417,2.1366577
277,2015-06-12,2.479843,2.1663334
278,2015-06-13,2.5426857,2.6437182
279,2015-06-14,2.6055286,2.247881
280,2015-06-15,2.6683714,1.5230342
281,2015-06-16,2.7312143,1.6222985
282,2015-06-17,2.7940571,2.0380855
283,2015-06-18,2.8569,1.5739043
284,2015-06-19,2.7508857,1.6950254
285,2015-06-20,2.6448715,1.6242826
286,2015-06-21,2.5388572,2.0947967
287,2015-06-22,2.432843,2.1790679
288,2015-06-23,2.3268285,1.6449277
289,2015-06-24,2.2208142,1.6891968
290,2015-06-25,2.1148,1.2748144
291,2015-06-26,2.1029572,2.767016
292,2015-06-27,2.0911143,2.0146368
293,2015-06-28,2.0792713,1.0280802
294,2015-06-29,2.0674286,1.4570152
295,2015-06-30,2.0555856,1.1634581
296,2015-07-01,2.043743,0.8260754
297,2015-07-02,2.0319,1.1384706
298,2015-07-03,1.9670143,2.0306263
299,2015-07-04,1.9021286,2.0605555
300,2015-07-05,1.8372428,1.9266838
301,2015-07-06,1.7723572,2.998459
302,2015-07-07,1.7074715,2.8144698
303,2015-07-08,1.6425858,2.6711545
304,2015-07-09,1.5777,2.0129843
305,2015-07-10,1.5721571,1.0705163
306,2015-07-11,1.5666143,1.914089
307,2015-07-12,1.5610714,2.802747
308,2015-07-13,1.5555285,2.5099804
309,2015-07-14,1.5499858,2.3944457
310,2015-07-15,1.5444429,2.0666988
311,2015-07-16,1.5389,2.2051587
312,2015-07-17,1.5385715,2.2421794
313,2015-07-18,1.5382428,2.8094943
314,2015-07-19,1.5379143,2.8917305
315,2015-07-20,1.5375857,2.4446645
316,2015-07-21,1.5372572,2.2509036
317,2015-07-22,1.5369285,2.7820616
318,2015-07-23,1.5366,1.9586054
319,2015-07-24,1.5913286,1.9377308
320,2015-07-25,1.6460571,1.8848495
321,2015-07-26,1.7007859,1.8923355
322,2015-07-27,1.7555144,2.1100798
323,2015-07-28,1.8102429,3.069763
324,2015-07-29,1.8649714,2.6142967
325,2015-07-30,1.9197,2.582502
326,2015-07-31,1.8795143,2.2480795
327,2015-08-01,1.8393285,1.8299385
328,2015-08-02,1.7991428,1.1466469
329,2015-08-03,1.7589571,1.6748753
330,2015-08-04,1.7187713,1.6381481
331,2015-08-05,1.6785858,2.2232847
332,2015-08-06,1.6383998,1.8580825
333,2015-08-07,1.6273143,1.830265
334,2015-08-08,1.6162285,2.1651013
335,2015-08-09,1.6051428,1.3711975
336,2015-08-10,1.5940572,0.51892704
337,2015-08-11,1.5829715,1.2341468
338,2015-08-12,1.5718857,1.0520713
339,2015-08-13,1.5608,1.0824468
340,2015-08-14,1.6338428,1.5043238
341,2015-08-15,1.7068857,1.359884
342,2015-08-16,1.7799286,1.726009
343,2015-08-17,1.8529714,2.0839996
344,2015-08-18,1.9260143,1.6124214
345,2015-08-19,1.9990572,1.2695531
346,2015-08-20,2.0721,1.4913315
347,2015-08-21,1.9715286,1.592396
348,2015-08-22,1.8709571,1.016289
349,2015-08-23,1.7703857,0.9402326
350,2015-08-24,1.6698143,1.2423356
351,2015-08-25,1.5692428,0.83263606
352,2015-08-26,1.4686714,1.0817006
353,2015-08-27,1.3681,0.35390362
354,2015-08-28,1.4463,0.6404284
355,2015-08-29,1.5245,1.0180478
356,2015-08-30,1.6027,0.58536214
357,2015-08-31,1.6809,1.4053981
358,2015-09-01,1.7591,1.9494696
359,2015-09-02,1.8373,0.7477085
360,2015-09-03,1.9155,1.0465717
361,2015-09-04,1.9500573,1.209407
362,2015-09-05,1.9846141,1.2824246
363,2015-09-06,2.0191715,0.8808092
364,2015-09-07,2.0537286,0.8604804
365,2015-09-08,2.0882857,1.5065389
366,2015-09-09,2.1228428,1.2527213
367,2015-09-10,2.1574,1.6891224
368,2015-09-11,2.326657,1.957511
369,2015-09-12,2.4959142,1.5202438
370,2015-09-13,2.6651714,1.6622931
371,2015-09-14,2.8344285,3.1731856
372,2015-09-15,3.0036857,3.136746
373,2015-09-16,3.1729429,3.2904906
374,2015-09-17,3.3422,3.7727299
375,2015-09-18,3.432614,3.2287364
376,2015-09-19,3.5230286,2.7523944
377,2015-09-20,3.613443,4.1540256
378,2015-09-21,3.703857,3.815308
379,2015-09-22,3.7942715,4.2671785
380,2015-09-23,3.884686,4.1277246
381,2015-09-24,3.9751,3.5365868
382,2015-09-25,4.1442,3.815113
383,2015-09-26,4.3133,3.8028188
384,2015-09-27,4.4824,3.98913
385,2015-09-28,4.6515,3.823967
386,2015-09-29,4.8206,4.083699
387,2015-09-30,4.9897,4.0708
388,2015-10-01,5.1588,3.6018205
389,2015-10-02,5.166357,4.2511597
390,2015-10-03,5.1739144,4.374463
391,2015-10-04,5.1814713,5.139895
392,2015-10-05,5.1890287,6.283975
393,2015-10-06,5.1965857,6.2508483
394,2015-10-07,5.204143,5.1420546
395,2015-10-08,5.2117,4.8817296
396,2015-10-09,5.335871,5.0269876
397,2015-10-10,5.460043,5.2091665
398,2015-10-11,5.584214,5.1166315
399,2015-10-12,5.708386,4.6071315
400,2015-10-13,5.832557,6.942385
401,2015-10-14,5.9567285,6.319532
402,2015-10-15,6.0809,4.721724
403,2015-10-16,6.0551286,4.712531
404,2015-10-17,6.029357,4.54374
405,2015-10-18,6.003586,4.6866293
406,2015-10-19,5.977814,4.151884
407,2015-10-20,5.952043,5.7325506
408,2015-10-21,5.9262714,7.120553
409,2015-10-22,5.9005,5.84324
410,2015-10-23,5.844586,5.5029197
411,2015-10-24,5.7886715,4.4384418
412,2015-10-25,5.732757,3.9715843
413,2015-10-26,5.6768427,4.782497
414,2015-10-27,5.620929,4.865706
415,2015-10-28,5.5650144,5.974351
416,2015-10-29,5.5091,5.7058535
417,2015-10-30,5.5344143,4.9366207
418,2015-10-31,5.5597286,5.82897
419,2015-11-01,5.585043,4.7334733
420,2015-11-02,5.6103573,5.0955973
421,2015-11-03,5.6356716,4.7554007
422,2015-11-04,5.660986,5.3946595
423,2015-11-05,5.6863,5.5148096
424,2015-11-06,5.675143,4.1213784
425,2015-11-07,5.6639857,5.471614
426,2015-11-08,5.6528287,4.3059616
427,2015-11-09,5.6416717,4.977643
428,2015-11-10,5.630514,4.487014
429,2015-11-11,5.619357,4.1997848
430,2015-11-12,5.6082,3.8193867
431,2015-11-13,5.6270714,4.901704
432,2015-11-14,5.6459427,3.63032
433,2015-11-15,5.6648145,3.3321235
434,2015-11-16,5.683686,3.749307
435,2015-11-17,5.702557,4.60312
436,2015-11-18,5.7214284,4.497131
437,2015-11-19,5.7403,3.5028465
438,2015-11-20,5.855129,4.139268
439,2015-11-21,5.9699574,3.7839558
440,2015-11-22,6.084786,4.9250083
441,2015-11-23,6.199614,4.7083373
442,2015-11-24,6.3144426,4.1429896
443,2015-11-25,6.4292707,5.5262604
444,2015-11-26,6.5440993,5.500977
445,2015-11-27,6.6134005,5.310334
446,2015-11-28,6.6827,4.366849
447,2015-11-29,6.752,5.471598
448,2015-11-30,6.8212996,5.4324594
449,2015-12-01,6.8906007,7.31635
450,2015-12-02,6.9599,6.12714
451,2015-12-03,7.0292,4.8893485
452,2015-12-04,7.141771,5.7456717
453,2015-12-05,7.2543426,5.1795034
454,2015-12-06,7.3669143,5.6676407
455,2015-12-07,7.4794855,5.924226
456,2015-12-08,7.592057,7.449247
457,2015-12-09,7.704629,6.918231
458,2015-12-10,7.8172007,8.225114
459,2015-12-11,7.8529997,8.163368
460,2015-12-12,7.8888,8.462679
461,2015-12-13,7.9246,8.230805
462,2015-12-14,7.9604006,8.395522
463,2015-12-15,7.9961996,7.702372
464,2015-12-16,8.032,9.327051
465,2015-12-17,8.0678,8.049166
466,2015-12-18,7.8098288,7.1308646
467,2015-12-19,7.551857,7.801066
468,2015-12-20,7.2938857,7.588211
469,2015-12-21,7.0359144,8.204521
470,2015-12-22,6.7779427,8.178183
471,2015-12-23,6.5199714,8.642702
472,2015-12-24,6.262,7.406884
473,2015-12-25,6.247843,10.293268
474,2015-12-26,6.2336855,11.010755
475,2015-12-27,6.2195287,9.589976
476,2015-12-28,6.2053714,9.9593935
477,2015-12-29,6.191214,9.603153
478,2015-12-30,6.1770573,10.275264
479,2015-12-31,6.1629,10.417337
480,2016-01-01,6.938343,10.803486
481,2016-01-02,7.7137856,11.334383
482,2016-01-03,8.489228,12.542267
483,2016-01-04,9.264671,11.3366995
484,2016-01-05,10.040114,11.930001
485,2016-01-06,10.8155575,11.9959345
486,2016-01-07,11.591,11.312118
487,2016-01-08,11.463686,10.804715
488,2016-01-09,11.336371,12.618382
489,2016-01-10,11.209057,13.306354
490,2016-01-11,11.081743,12.152859
491,2016-01-12,10.954429,12.452006
492,2016-01-13,10.827114,12.363962
493,2016-01-14,10.6998,12.509098
494,2016-01-15,11.012371,11.946373
495,2016-01-16,11.324943,10.979101
496,2016-01-17,11.637514,11.1703205
497,2016-01-18,11.950086,11.498217
498,2016-01-19,12.262657,10.592477
499,2016-01-20,12.575229,9.829936
500,2016-01-21,12.8878,9.531659
501,2016-01-22,13.442644,9.6160145
502,2016-01-23,13.997485,9.414001
503,2016-01-24,14.552328,9.876728
504,2016-01-25,15.107172,9.979833
505,2016-01-26,15.662015,9.921369
506,2016-01-27,16.216858,10.564367
507,2016-01-28,16.7717,11.237285
508,2016-01-29,16.654228,11.459902
509,2016-01-30,16.536757,11.062668
510,2016-01-31,16.419285,11.466254
511,2016-02-01,16.301815,12.311639
512,2016-02-02,16.184343,12.781549
513,2016-02-03,16.066872,12.088431
514,2016-02-04,15.9494,12.470956
515,2016-02-05,15.987686,12.921989
516,2016-02-06,16.025972,11.438635
517,2016-02-07,16.064257,12.508982
518,2016-02-08,16.102543,12.450968
519,2016-02-09,16.14083,12.57336
520,2016-02-10,16.179113,13.017909
521,2016-02-11,16.2174,13.278061
522,2016-02-12,16.122356,13.79275
523,2016-02-13,16.027315,12.220319
524,2016-02-14,15.932271,12.523065
525,2016-02-15,15.837229,12.391691
526,2016-02-16,15.742186,13.682691
527,2016-02-17,15.647142,13.301272
528,2016-02-18,15.552099,14.283524
529,2016-02-19,15.624857,13.309545
530,2016-02-20,15.697615,13.073276
531,2016-02-21,15.770372,14.506259
532,2016-02-22,15.843127,13.597864
533,2016-02-23,15.915886,14.084343
534,2016-02-24,15.988643,14.243622
535,2016-02-25,16.0614,15.18939
536,2016-02-26,16.316315,13.943713
537,2016-02-27,16.571228,13.208486
538,2016-02-28,16.826143,13.356405
539,2016-02-29,17.081057,13.137975
540,2016-03-01,17.335972,14.047745
541,2016-03-02,17.590885,13.197101
542,2016-03-03,17.8458,13.758122
543,2016-03-04,18.040485,13.987234
544,2016-03-05,18.235172,12.943982
545,2016-03-06,18.429857,12.472155
546,2016-03-07,18.624542,13.324341
547,2016-03-08,18.81923,13.32416
548,2016-03-09,19.013914,13.266698
549,2016-03-10,19.2086,12.914019
550,2016-03-11,19.879728,16.229862
551,2016-03-12,20.550858,14.420004
552,2016-03-13,21.221985,13.178691
553,2016-03-14,21.893114,13.770479
554,2016-03-15,22.564243,13.947821
555,2016-03-16,23.23537,15.300842
556,2016-03-17,23.9065,16.148394
557,2016-03-18,23.267014,16.041449
558,2016-03-19,22.62753,15.826462
559,2016-03-20,21.988043,16.37214
560,2016-03-21,21.348557,16.585344
561,2016-03-22,20.709072,16.263376
562,2016-03-23,20.069586,14.620145
563,2016-03-24,19.4301,15.657982
564,2016-03-25,19.063057,13.974261
565,2016-03-26,18.696014,13.947949
566,2016-03-27,18.328972,16.353443
567,2016-03-28,17.96193,16.456219
568,2016-03-29,17.594885,16.973995
569,2016-03-30,17.227842,14.57653
570,2016-03-31,16.8608,15.4993
571,2016-04-01,16.509829,16.067402
572,2016-04-02,16.158857,16.079243
573,2016-04-03,15.807886,16.214151
574,2016-04-04,15.456914,16.96573
575,2016-04-05,15.105944,16.93996
576,2016-04-06,14.7549715,16.447826
577,2016-04-07,14.404001,15.094255
578,2016-04-08,14.001386,15.475293
579,2016-04-09,13.598772,13.56338
580,2016-04-10,13.196157,13.976603
581,2016-04-11,12.793543,13.178368
582,2016-04-12,12.390928,11.255071
583,2016-04-13,11.988315,11.879139
584,2016-04-14,11.5857,10.756017
585,2016-04-15,11.0697,9.729009
586,2016-04-16,10.5537,8.988724
587,2016-04-17,10.0377,8.65529
588,2016-04-18,9.5217,8.642476
589,2016-04-19,9.0057,8.583572
590,2016-04-20,8.4897,8.186917
591,2016-04-21,7.9737,8.173887
592,2016-04-22,7.788114,7.364464
593,2016-04-23,7.6025286,7.626232
594,2016-04-24,7.4169436,7.3949814
595,2016-04-25,7.2313566,6.305295
596,2016-04-26,7.0457716,6.7186003
597,2016-04-27,6.860185,7.637538
598,2016-04-28,6.6746,6.4914527
599,2016-04-29,6.4414573,6.288413
600,2016-04-30,6.2083144,6.0575233
601,2016-05-01,5.9751716,7.123828
602,2016-05-02,5.7420287,6.674998
603,2016-05-03,5.508886,6.915175
604,2016-05-04,5.275743,6.902018
605,2016-05-05,5.0426,6.36085
606,2016-05-06,5.0109715,6.2112975
607,2016-05-07,4.979343,5.1142015
608,2016-05-08,4.9477143,5.9873776
609,2016-05-09,4.9160857,4.950576
610,2016-05-10,4.884457,4.989495
611,2016-05-11,4.8528285,4.4023333
612,2016-05-12,4.8212,5.528802
613,2016-05-13,4.7402,4.7977014
614,2016-05-14,4.6592,4.8361335
615,2016-05-15,4.5782,4.7775054
616,2016-05-16,4.4972,5.089722
617,2016-05-17,4.4162,4.404355
618,2016-05-18,4.3352,4.1515
619,2016-05-19,4.2542,4.7264338
620,2016-05-20,4.0626855,4.1705217
621,2016-05-21,3.8711715,3.9994335
622,2016-05-22,3.6796575,4.146145
623,2016-05-23,3.4881432,2.4586222
624,2016-05-24,3.2966285,4.1254225
625,2016-05-25,3.1051142,4.25786
626,2016-05-26,2.9136,3.6010013
627,2016-05-27,2.8937142,4.416087
628,2016-05-28,2.8738286,3.876088
629,2016-05-29,2.8539429,4.0755057
630,2016-05-30,2.834057,3.912054
631,2016-05-31,2.8141713,3.8358684
632,2016-06-01,2.7942858,3.4951572
633,2016-06-02,2.7744,2.6236033
634,2016-06-03,2.7637143,2.8321514
635,2016-06-04,2.7530286,3.0999627
636,2016-06-05,2.742343,4.57754
637,2016-06-06,2.731657,3.794045
638,2016-06-07,2.7209713,4.4309087
639,2016-06-08,2.7102857,3.324065
640,2016-06-09,2.6996,2.8267465
641,2016-06-10,2.6574,3.055282
642,2016-06-11,2.6152,3.253846
643,2016-06-12,2.573,2.3411756
644,2016-06-13,2.5308,3.1078298
645,2016-06-14,2.4886,3.3206928
646,2016-06-15,2.4464,3.0201035
647,2016-06-16,2.4042,2.6166227
648,2016-06-17,2.3686714,3.1931133
649,2016-06-18,2.3331428,3.29639
650,2016-06-19,2.2976143,3.0770385
651,2016-06-20,2.2620857,1.9859228
652,2016-06-21,2.2265573,1.9384215
653,2016-06-22,2.1910286,1.7345254
654,2016-06-23,2.1555,1.918148
655,2016-06-24,2.193757,2.0961282
656,2016-06-25,2.2320142,2.5132003
657,2016-06-26,2.2702715,2.6527505
658,2016-06-27,2.3085287,2.8352747
659,2016-06-28,2.3467858,2.927595
660,2016-06-29,2.385043,2.8122807
661,2016-06-30,2.4233,2.5114713
662,2016-07-01,2.450743,3.1603227
663,2016-07-02,2.4781857,2.4672546
664,2016-07-03,2.5056286,2.2614484
665,2016-07-04,2.5330715,2.650498
666,2016-07-05,2.5605142,2.8942645
667,2016-07-06,2.5879571,2.731237
668,2016-07-07,2.6154,2.6204433
669,2016-07-08,2.6508143,2.5219
670,2016-07-09,2.6862285,2.3993835
671,2016-07-10,2.721643,2.7208714
672,2016-07-11,2.7570572,3.2735069
673,2016-07-12,2.7924714,3.1744833
674,2016-07-13,2.8278856,2.8185508
675,2016-07-14,2.8633,2.4850564
676,2016-07-15,2.7664714,2.4619532
677,2016-07-16,2.669643,3.2294457
678,2016-07-17,2.5728142,3.2335255
679,2016-07-18,2.4759858,2.2883787
680,2016-07-19,2.379157,3.2961159
681,2016-07-20,2.2823286,2.985106
682,2016-07-21,2.1855,2.4544518
683,2016-07-22,2.1851287,2.3272736
684,2016-07-23,2.1847572,1.8591652
685,2016-07-24,2.1843858,1.2092905
686,2016-07-25,2.1840143,0.9764714
687,2016-07-26,2.1836429,1.0666797
688,2016-07-27,2.1832714,0.91860884
689,2016-07-28,2.1829,1.1304197
690,2016-07-29,2.1650858,1.3689682
691,2016-07-30,2.1472714,0.933036
692,2016-07-31,2.1294572,0.61131376
693,2016-08-01,2.1116428,1.043744
694,2016-08-02,2.0938287,1.3546889
695,2016-08-03,2.0760143,1.034929
696,2016-08-04,2.0582,1.1033356
697,2016-08-05,2.0594144,0.87704355
698,2016-08-06,2.0606287,0.5881385
699,2016-08-07,2.061843,0.5142385
700,2016-08-08,2.0630572,0.9352166
701,2016-08-09,2.0642715,1.0527604
702,2016-08-10,2.0654857,1.0222882
703,2016-08-11,2.0667,2.0374732
704,2016-08-12,2.0731285,1.6076708
705,2016-08-13,2.0795572,0.57217205
706,2016-08-14,2.0859857,1.3364179
707,2016-08-15,2.0924144,1.0330966
708,2016-08-16,2.0988429,1.2183628
709,2016-08-17,2.1052713,1.2531476
710,2016-08-18,2.1117,1.0429577
711,2016-08-19,2.0164714,1.0701165
712,2016-08-20,1.921243,0.7726622
713,2016-08-21,1.8260143,1.6438894
714,2016-08-22,1.7307857,1.8568026
715,2016-08-23,1.6355572,1.7516922
716,2016-08-24,1.5403286,2.0512586
717,2016-08-25,1.4451,2.4893816
718,2016-08-26,1.5234143,2.6921725
719,2016-08-27,1.6017287,2.3291793
720,2016-08-28,1.6800429,1.5033017
721,2016-08-29,1.7583573,1.0839725
722,2016-08-30,1.8366715,0.94559896
723,2016-08-31,1.9149857,1.4626579
724,2016-09-01,1.9932998,1.4592754
725,2016-09-02,1.9926857,0.94593716
726,2016-09-03,1.9920714,1.1893575
727,2016-09-04,1.9914572,2.4442558
728,2016-09-05,1.9908428,1.7216095
729,2016-09-06,1.9902284,2.5037541
730,2016-09-07,1.9896142,2.194644
731,2016-09-08,1.989,2.0923371
732,2016-09-09,2.0208428,2.2797828
733,2016-09-10,2.0526857,1.944767
734,2016-09-11,2.0845287,1.4724964
735,2016-09-12,2.1163714,2.0629454
736,2016-09-13,2.1482143,1.8810987
737,2016-09-14,2.180057,3.0319183
738,2016-09-15,2.2119,2.076423
739,2016-09-16,2.3580856,1.8517491
740,2016-09-17,2.5042715,1.7825706
741,2016-09-18,2.6504571,1.9826924
742,2016-09-19,2.7966428,5.2797823
743,2016-09-20,2.9428287,4.833613
744,2016-09-21,3.0890143,4.5356627
745,2016-09-22,3.2351997,4.9077415
746,2016-09-23,3.5242715,5.6184106
747,2016-09-24,3.8133426,5.547358
748,2016-09-25,4.102414,3.9594784
749,2016-09-26,4.3914857,3.7079396
750,2016-09-27,4.6805573,4.52645
751,2016-09-28,4.9696283,4.565835
752,2016-09-29,5.2587,4.65512
753,2016-09-30,5.2082715,3.815347
754,2016-10-01,5.1578426,4.553895
755,2016-10-02,5.1074142,3.7934241
756,2016-10-03,5.056986,4.592554
757,2016-10-04,5.006557,4.2512527
758,2016-10-05,4.9561286,5.354577
759,2016-10-06,4.9057,5.0844727
760,2016-10-07,5.175386,5.2397547
761,2016-10-08,5.445071,5.289505
762,2016-10-09,5.714757,5.649249
763,2016-10-10,5.9844427,5.5232935
764,2016-10-11,6.2541285,6.401538
765,2016-10-12,6.523814,7.1793337
766,2016-10-13,6.7935,6.7521653
767,2016-10-14,6.6448145,6.6401243
768,2016-10-15,6.496129,6.894503
769,2016-10-16,6.3474426,6.9144926
770,2016-10-17,6.198757,6.6780996
771,2016-10-18,6.0500712,7.4418283
772,2016-10-19,5.901386,6.6435204
773,2016-10-20,5.7527,8.266211
774,2016-10-21,5.9668713,7.2002287
775,2016-10-22,6.1810427,7.1319036
776,2016-10-23,6.395214,8.110619
777,2016-10-24,6.6093855,7.9093676
778,2016-10-25,6.8235574,9.049777
779,2016-10-26,7.037729,8.211854
780,2016-10-27,7.2519007,7.2426157
781,2016-10-28,7.1414285,7.346019
782,2016-10-29,7.030957,6.8438544
783,2016-10-30,6.9204855,6.964321
784,2016-10-31,6.8100142,7.0916815
785,2016-11-01,6.699543,8.018265
786,2016-11-02,6.5890718,7.09937
787,2016-11-03,6.4786005,6.6783814
788,2016-11-04,6.4608293,5.837568
789,2016-11-05,6.443057,7.0344152
790,2016-11-06,6.4252863,7.516916
791,2016-11-07,6.407514,7.314969
792,2016-11-08,6.389743,7.0339327
793,2016-11-09,6.3719716,7.674515
794,2016-11-10,6.3542,7.2226167
795,2016-11-11,6.345857,8.305655
796,2016-11-12,6.3375144,7.844251
797,2016-11-13,6.3291717,8.512442
798,2016-11-14,6.3208284,8.85961
799,2016-11-15,6.3124857,8.137833
800,2016-11-16,6.304143,8.151606
801,2016-11-17,6.2958,7.66967
802,2016-11-18,6.389786,6.986234
803,2016-11-19,6.4837713,8.511968
804,2016-11-20,6.5777574,8.569925
805,2016-11-21,6.671743,8.657316
806,2016-11-22,6.765729,9.434136
807,2016-11-23,6.8597145,7.707527
808,2016-11-24,6.9537,7.372795
809,2016-11-25,6.959043,7.945388
810,2016-11-26,6.964385,8.532077
811,2016-11-27,6.969728,7.9536324
812,2016-11-28,6.975072,7.2303214
813,2016-11-29,6.9804144,7.8206916
814,2016-11-30,6.9857574,6.9192123
815,2016-12-01,6.9910994,7.4492083
816,2016-12-02,7.208814,7.2054024
817,2016-12-03,7.426528,7.8472033
818,2016-12-04,7.644243,7.4217057
819,2016-12-05,7.8619566,9.345525
820,2016-12-06,8.079672,10.216658
821,2016-12-07,8.297386,10.237154
822,2016-12-08,8.5151,9.691729
823,2016-12-09,8.867685,8.069547
824,2016-12-10,9.220271,10.22365
825,2016-12-11,9.572857,9.527388
826,2016-12-12,9.925443,10.408722
827,2016-12-13,10.2780285,9.235698
828,2016-12-14,10.630614,11.9627285
829,2016-12-15,10.9832,12.744918
830,2016-12-16,11.1706,12.9785185
831,2016-12-17,11.358,11.733129
832,2016-12-18,11.5454,12.428827
833,2016-12-19,11.7328,10.723528
834,2016-12-20,11.9202,15.009656
835,2016-12-21,12.1076,13.895167
836,2016-12-22,12.295,13.915728
837,2016-12-23,12.167086,14.08064
838,2016-12-24,12.039171,14.910701
839,2016-12-25,11.911257,13.56057
840,2016-12-26,11.783343,13.399907
841,2016-12-27,11.655429,17.446264
842,2016-12-28,11.527514,16.278603
843,2016-12-29,11.3996,16.95785
844,2016-12-30,11.873229,16.500734
845,2016-12-31,12.346857,16.528978
846,2017-01-01,12.820486,16.47337
847,2017-01-02,13.294115,15.911577
848,2017-01-03,13.767743,15.329748
849,2017-01-04,14.241371,18.483738
850,2017-01-05,14.714999,16.218983
851,2017-01-06,14.984029,17.019657
852,2017-01-07,15.2530575,17.692503
853,2017-01-08,15.522085,22.475534
854,2017-01-09,15.791113,21.710283
855,2017-01-10,16.060143,22.021084
856,2017-01-11,16.329172,23.458775
857,2017-01-12,16.5982,24.19052
858,2017-01-13,16.266285,25.526455
859,2017-01-14,15.93437,24.90317
860,2017-01-15,15.602457,26.213343
861,2017-01-16,15.270543,25.178263
862,2017-01-17,14.938627,25.488842
863,2017-01-18,14.606714,23.171726
864,2017-01-19,14.2748,22.533756
865,2017-01-20,14.293414,22.25802
866,2017-01-21,14.312029,20.761763
867,2017-01-22,14.330643,21.705885
868,2017-01-23,14.3492565,20.951649
869,2017-01-24,14.367871,20.995815
870,2017-01-25,14.386487,20.606981
871,2017-01-26,14.4051,18.699303
872,2017-01-27,14.472986,18.675404
873,2017-01-28,14.540873,17.685955
874,2017-01-29,14.608757,15.449121
875,2017-01-30,14.676641,17.020056
876,2017-01-31,14.744528,17.895504
877,2017-02-01,14.812414,18.22587
878,2017-02-02,14.8803,18.16808
879,2017-02-03,14.598772,17.367054
880,2017-02-04,14.317243,17.882465
881,2017-02-05,14.035715,17.278748
882,2017-02-06,13.754186,17.258657
883,2017-02-07,13.472658,18.650085
884,2017-02-08,13.191129,17.992453
885,2017-02-09,12.909601,17.313358
886,2017-02-10,12.455886,18.096329
887,2017-02-11,12.0021715,17.368525
888,2017-02-12,11.548457,16.948524
889,2017-02-13,11.094743,16.122562
890,2017-02-14,10.641028,16.317944
891,2017-02-15,10.187314,16.910473
892,2017-02-16,9.7336,17.8861
893,2017-02-17,9.501257,17.387867
894,2017-02-18,9.268914,17.16608
895,2017-02-19,9.0365715,15.54662
896,2017-02-20,8.804229,15.272308
897,2017-02-21,8.571886,15.913351
898,2017-02-22,8.339542,14.081848
899,2017-02-23,8.1072,14.302455
900,2017-02-24,7.8403997,12.91073
901,2017-02-25,7.5736,14.359194
902,2017-02-26,7.3068,13.8151045
903,2017-02-27,7.04,13.233297
904,2017-02-28,6.7732,14.121013
905,2017-03-01,6.5064,14.901627
906,2017-03-02,6.2396,11.61236
907,2017-03-03,6.1660285,11.291069
908,2017-03-04,6.0924573,10.306219
909,2017-03-05,6.0188856,11.448875
910,2017-03-06,5.9453144,11.331297
911,2017-03-07,5.8717427,11.095808
912,2017-03-08,5.7981715,11.205681
913,2017-03-09,5.7246,10.897308
914,2017-03-10,5.5781145,9.071332
915,2017-03-11,5.4316287,7.643178
916,2017-03-12,5.285143,7.782602
917,2017-03-13,5.138657,8.667337
918,2017-03-14,4.9921713,8.954065
919,2017-03-15,4.8456855,8.766878
920,2017-03-16,4.6992,8.2642975
921,2017-03-17,4.6900287,7.6558332
922,2017-03-18,4.680857,8.497609
923,2017-03-19,4.6716857,9.233339
924,2017-03-20,4.662514,9.28813
925,2017-03-21,4.6533427,9.993021
926,2017-03-22,4.644171,8.320749
927,2017-03-23,4.635,7.9866676
928,2017-03-24,4.6399145,7.5557013
929,2017-03-25,4.644829,7.3001
930,2017-03-26,4.649743,8.198731
931,2017-03-27,4.6546574,8.552073
932,2017-03-28,4.6595716,7.951848
933,2017-03-29,4.664486,8.062342
934,2017-03-30,4.6694,9.770867
935,2017-03-31,4.5102572,8.371006
936,2017-04-01,4.3511143,7.353884
937,2017-04-02,4.1919713,6.686039
938,2017-04-03,4.032829,8.00455
939,2017-04-04,3.8736854,6.8979454
940,2017-04-05,3.7145429,8.370832
941,2017-04-06,3.5554001,8.560591
942,2017-04-07,3.3567715,6.9382415
943,2017-04-08,3.1581428,7.0309496
944,2017-04-09,2.9595144,7.2252893
945,2017-04-10,2.7608857,7.9441376
946,2017-04-11,2.562257,5.8394156
947,2017-04-12,2.3636286,5.4003453
948,2017-04-13,2.165,6.7282486
949,2017-04-14,2.2768428,5.7542167
950,2017-04-15,2.3886857,5.4646764
951,2017-04-16,2.5005286,4.325122
952,2017-04-17,2.6123714,5.544239
953,2017-04-18,2.7242143,5.752515
954,2017-04-19,2.8360572,5.254077
955,2017-04-20,2.9479,5.036008
956,2017-04-21,2.948243,4.874757
957,2017-04-22,2.9485857,4.575473
958,2017-04-23,2.9489286,4.786513
959,2017-04-24,2.9492714,4.2997284
960,2017-04-25,2.9496143,4.3353515
961,2017-04-26,2.9499571,4.6346803
962,2017-04-27,2.9503,4.736562
963,2017-04-28,2.9326,5.2485747
964,2017-04-29,2.9149,4.128947
965,2017-04-30,2.8972,4.618842
966,2017-05-01,2.8795,5.051932
967,2017-05-02,2.8618,4.854924
968,2017-05-03,2.8441,5.3632574
969,2017-05-04,2.8264,5.026124
970,2017-05-05,2.985557,5.785681
971,2017-05-06,3.1447144,5.9028244
972,2017-05-07,3.3038716,6.9774146
973,2017-05-08,3.4630287,4.9634585
974,2017-05-09,3.6221855,4.9473953
975,2017-05-10,3.7813427,5.220042
976,2017-05-11,3.9404998,5.2942257
977,2017-05-12,3.886457,5.0492296
978,2017-05-13,3.8324142,4.9671736
979,2017-05-14,3.7783713,5.2729554
980,2017-05-15,3.7243285,6.0419207
981,2017-05-16,3.6702857,5.2671437
982,2017-05-17,3.616243,5.3563604
983,2017-05-18,3.5622,4.9401417
984,2017-05-19,3.3708,4.8221436
985,2017-05-20,3.1794,4.5011735
986,2017-05-21,2.988,4.313442
987,2017-05-22,2.7966,4.874148
988,2017-05-23,2.6052,4.558356
989,2017-05-24,2.4138,4.8874445
990,2017-05-25,2.2224,5.338987
991,2017-05-26,2.1533713,5.075633
992,2017-05-27,2.084343,4.39886
993,2017-05-28,2.0153143,4.3805923
994,2017-05-29,1.9462856,3.4002368
995,2017-05-30,1.8772571,3.4097347
996,2017-05-31,1.8082287,3.4285266
997,2017-06-01,1.7392,2.418035
998,2017-06-02,1.7643856,2.4860606
999,2017-06-03,1.7895714,3.0129895
1000,2017-06-04,1.8147571,2.9777932
1001,2017-06-05,1.8399427,3.415793
1002,2017-06-06,1.8651285,3.2056813
1003,2017-06-07,1.8903143,3.359193
1004,2017-06-08,1.9155,2.8953776
1005,2017-06-09,1.9389429,2.7131946
1006,2017-06-10,1.9623858,2.4947453
1007,2017-06-11,1.9858286,2.3154972
1008,2017-06-12,2.0092714,2.9095457
1009,2017-06-13,2.0327144,2.909294
1010,2017-06-14,2.056157,2.1279683
1011,2017-06-15,2.0796,2.7499611
1012,2017-06-16,1.9314286,2.6771464
1013,2017-06-17,1.7832571,2.9456232
1014,2017-06-18,1.6350857,2.6713529
1015,2017-06-19,1.4869143,3.8214447
1016,2017-06-20,1.3387429,3.5334275
1017,2017-06-21,1.1905714,3.0623946
1018,2017-06-22,1.0424,2.212742
1019,2017-06-23,1.1436857,1.4584203
1020,2017-06-24,1.2449714,2.5129607
1021,2017-06-25,1.3462571,2.7335775
1022,2017-06-26,1.4475429,3.1556764
1023,2017-06-27,1.5488286,2.4695487
1024,2017-06-28,1.6501143,2.428517
1025,2017-06-29,1.7514,2.8268602
1026,2017-06-30,1.7831857,3.2008624
1027,2017-07-01,1.8149716,2.714551
1028,2017-07-02,1.8467572,2.971953
1029,2017-07-03,1.8785429,2.9136786
1030,2017-07-04,1.9103286,2.9652717
1031,2017-07-05,1.9421142,3.2491086
1032,2017-07-06,1.9739001,2.9091783
1033,2017-07-07,1.953257,3.3396287
1034,2017-07-08,1.9326143,3.4482613
1035,2017-07-09,1.9119714,3.8337066
1036,2017-07-10,1.8913286,3.3441334
1037,2017-07-11,1.8706858,3.3189354
1038,2017-07-12,1.8500427,3.8125794
1039,2017-07-13,1.8293998,3.2926717
1040,2017-07-14,1.8277857,3.1440027
1041,2017-07-15,1.8261715,3.0672457
1042,2017-07-16,1.8245571,3.6871846
1043,2017-07-17,1.822943,3.9370017
1044,2017-07-18,1.8213285,3.4525955
1045,2017-07-19,1.8197143,3.7746263
1046,2017-07-20,1.8181,4.1405883
1047,2017-07-21,1.8302143,3.355795
1048,2017-07-22,1.8423287,3.0233521
1049,2017-07-23,1.8544428,2.8298764
1050,2017-07-24,1.8665571,2.8111637
1051,2017-07-25,1.8786714,2.6822634
1052,2017-07-26,1.8907856,2.9979768
1053,2017-07-27,1.9029,2.7067964
1054,2017-07-28,1.9550858,2.8480377
1055,2017-07-29,2.0072715,3.7384765
1056,2017-07-30,2.059457,3.1380625
1057,2017-07-31,2.1116428,2.9609578
1058,2017-08-01,2.1638286,2.7118015
1059,2017-08-02,2.2160144,3.538538
1060,2017-08-03,2.2682,3.0396256
1061,2017-08-04,2.1971,3.0725768
1062,2017-08-05,2.126,3.1122332
1063,2017-08-06,2.0549,3.818634
1064,2017-08-07,1.9838002,4.4114146
1065,2017-08-08,1.9127,3.9776294
1066,2017-08-09,1.8416001,4.080701
1067,2017-08-10,1.7705,3.647532
1068,2017-08-11,1.8189142,3.2043662
1069,2017-08-12,1.8673284,3.482793
1070,2017-08-13,1.9157429,3.326796
1071,2017-08-14,1.9641571,3.8911126
1072,2017-08-15,2.0125713,3.9378483
1073,2017-08-16,2.0609858,3.9075704
1074,2017-08-17,2.1094,4.326213
1075,2017-08-18,2.0375285,3.8951526
1076,2017-08-19,1.965657,3.756801
1077,2017-08-20,1.8937857,4.0484843
1078,2017-08-21,1.8219143,4.5882945
1079,2017-08-22,1.7500429,4.1269054
1080,2017-08-23,1.6781714,3.8194408
1081,2017-08-24,1.6063,3.988083
1082,2017-08-25,1.6325,3.9767833
1083,2017-08-26,1.6587,3.9066765
1084,2017-08-27,1.6849,4.9511733
1085,2017-08-28,1.7111,4.7443304
1086,2017-08-29,1.7373002,4.0295877
1087,2017-08-30,1.7635,4.3429837
1088,2017-08-31,1.7896999,4.119069
1089,2017-09-01,1.8514,4.0020347
1090,2017-09-02,1.9131,3.838611
1091,2017-09-03,1.9747999,4.372234
1092,2017-09-04,2.0365,4.35999
1093,2017-09-05,2.0982,4.034962
1094,2017-09-06,2.1599,3.9646091
1095,2017-09-07,2.2216,3.885652
1096,2017-09-08,2.2718,1.5971048
1097,2017-09-09,2.322,1.8475412
1098,2017-09-10,2.3722,2.4802997
1099,2017-09-11,2.4224,2.4848223
1100,2017-09-12,2.4726,2.574674
1101,2017-09-13,2.5228,2.3255029
1102,2017-09-14,2.573,2.83003
1103,2017-09-15,2.7282,2.715204
1104,2017-09-16,2.8834,2.933321
1105,2017-09-17,3.0386,3.1392963
1106,2017-09-18,3.1938,3.2596898
1107,2017-09-19,3.3489997,3.7549858
1108,2017-09-20,3.5042,3.6134706
1109,2017-09-21,3.6594002,3.8976998
1110,2017-09-22,3.7529857,3.8796592
1111,2017-09-23,3.8465714,3.951486
1112,2017-09-24,3.9401574,4.7576437
1113,2017-09-25,4.033743,5.038559
1114,2017-09-26,4.1273284,5.2317877
1115,2017-09-27,4.2209144,5.9993467
1116,2017-09-28,4.3145,6.5092735
1117,2017-09-29,4.5067716,5.494136
1118,2017-09-30,4.699043,6.0080857
1119,2017-10-01,4.8913145,5.5717554
1120,2017-10-02,5.0835857,6.179935
1121,2017-10-03,5.275857,7.279915
1122,2017-10-04,5.4681287,6.5710497
1123,2017-10-05,5.6604,5.702094
1124,2017-10-06,5.7029715,6.1925473
1125,2017-10-07,5.745543,6.0780616
1126,2017-10-08,5.788114,6.4008417
1127,2017-10-09,5.8306856,6.1486506
1128,2017-10-10,5.873257,6.6958933
1129,2017-10-11,5.9158287,6.9887877
1130,2017-10-12,5.9584,7.0473013
1131,2017-10-13,5.8421288,6.5088453
1132,2017-10-14,5.7258573,6.6529436
1133,2017-10-15,5.609586,7.0609865
1134,2017-10-16,5.4933143,6.468707
1135,2017-10-17,5.377043,6.660779
1136,2017-10-18,5.2607713,5.8383102
1137,2017-10-19,5.1445,6.0483394
1138,2017-10-20,5.059914,6.2277465
1139,2017-10-21,4.9753284,5.1965528
1140,2017-10-22,4.890743,5.834361
1141,2017-10-23,4.806157,5.307244
1142,2017-10-24,4.7215714,5.331112
1143,2017-10-25,4.636986,5.888276
1144,2017-10-26,4.5524,5.9075766
1145,2017-10-27,4.5884714,6.366897
1146,2017-10-28,4.6245427,6.815562
1147,2017-10-29,4.6606145,7.093913
1148,2017-10-30,4.696686,6.18801
1149,2017-10-31,4.732757,6.2126174
1150,2017-11-01,4.7688284,6.7268143
1151,2017-11-02,4.8049,6.7379317
1152,2017-11-03,4.917671,6.4376245
1153,2017-11-04,5.0304427,6.429072
1154,2017-11-05,5.143214,5.847847
1155,2017-11-06,5.2559857,6.5380044
1156,2017-11-07,5.3687572,5.917283
1157,2017-11-08,5.4815288,6.5569344
1158,2017-11-09,5.5943,5.9823923
1159,2017-11-10,5.4966288,5.98712
1160,2017-11-11,5.3989573,6.017044
1161,2017-11-12,5.3012857,6.305419
1162,2017-11-13,5.203614,5.8952894
1163,2017-11-14,5.1059427,6.123999
1164,2017-11-15,5.008271,6.127612
1165,2017-11-16,4.9106,6.364879
1166,2017-11-17,5.1674,5.9196763
1167,2017-11-18,5.4242,7.139367
1168,2017-11-19,5.681,6.4047365
1169,2017-11-20,5.9378,5.641159
1170,2017-11-21,6.1946,5.5121317
1171,2017-11-22,6.4514,5.355333
1172,2017-11-23,6.7082,5.8402762
1173,2017-11-24,6.7862573,5.547469
1174,2017-11-25,6.864314,6.070028
1175,2017-11-26,6.9423714,5.887141
1176,2017-11-27,7.0204287,5.80392
1177,2017-11-28,7.0984864,5.9919395
1178,2017-11-29,7.1765428,5.9186134
1179,2017-11-30,7.2545996,5.5219274
1180,2017-12-01,7.383443,5.2084565
1181,2017-12-02,7.5122857,5.104106
1182,2017-12-03,7.6411285,5.9722686
1183,2017-12-04,7.7699714,6.239528
1184,2017-12-05,7.898814,6.384687
1185,2017-12-06,8.0276575,5.9815874
1186,2017-12-07,8.1565,5.5352087
1187,2017-12-08,8.608986,6.82401
1188,2017-12-09,9.061471,7.9732237
1189,2017-12-10,9.513957,7.587387
1190,2017-12-11,9.966443,6.5479536
1191,2017-12-12,10.418928,7.603982
1192,2017-12-13,10.871414,8.170023
1193,2017-12-14,11.3239,10.163737
1194,2017-12-15,12.032615,9.341161
1195,2017-12-16,12.741328,9.700102
1196,2017-12-17,13.450043,9.858698
1197,2017-12-18,14.158757,8.639485
1198,2017-12-19,14.867472,12.849741
1199,2017-12-20,15.576185,11.927286
1200,2017-12-21,16.2849,12.41527
1201,2017-12-22,16.679314,16.051815
1202,2017-12-23,17.073729,12.4576435
1203,2017-12-24,17.468143,10.202242
1204,2017-12-25,17.862556,12.195925
1205,2017-12-26,18.256971,16.049679
1206,2017-12-27,18.651386,18.440226
1207,2017-12-28,19.0458,18.7612
1208,2017-12-29,21.698872,21.394217
1209,2017-12-30,24.351942,23.593624
1210,2017-12-31,27.005014,22.252823
1211,2018-01-01,29.658085,20.365824
1212,2018-01-02,32.311157,23.244076
1213,2018-01-03,34.96423,25.016964
1214,2018-01-04,37.6173,26.71543
1215,2018-01-05,40.1094,28.259333
1216,2018-01-06,42.6015,30.320423
1217,2018-01-07,45.0936,32.250713
1218,2018-01-08,47.5857,33.842808
1219,2018-01-09,50.0778,36.554573
1220,2018-01-10,52.569897,36.25834
1221,2018-01-11,55.062,35.605087
1222,2018-01-12,54.658356,33.434925
1223,2018-01-13,54.25471,34.64779
1224,2018-01-14,53.851067,34.91436
1225,2018-01-15,53.44743,35.09466
1226,2018-01-16,53.043785,38.029938
1227,2018-01-17,52.640144,39.562317
1228,2018-01-18,52.2365,40.93476
1229,2018-01-19,51.90632,45.79886
1230,2018-01-20,51.57613,40.83128
1231,2018-01-21,51.24594,38.93523
1232,2018-01-22,50.915756,39.349403
1233,2018-01-23,50.58557,35.89557
1234,2018-01-24,50.255386,36.644943
1235,2018-01-25,49.9252,38.586147
1236,2018-01-26,48.196213,38.30057
1237,2018-01-27,46.467228,38.685402
1238,2018-01-28,44.738243,37.79523
1239,2018-01-29,43.00926,35.113407
1240,2018-01-30,41.28027,34.29648
1241,2018-01-31,39.551285,33.295704
1242,2018-02-01,37.8223,32.31704
1243,2018-02-02,36.776787,33.707592
1244,2018-02-03,35.73127,34.414864
1245,2018-02-04,34.685757,32.852844
1246,2018-02-05,33.640244,30.327875
1247,2018-02-06,32.59473,29.45809
1248,2018-02-07,31.549213,29.86089
1249,2018-02-08,30.503698,29.908895
1250,2018-02-09,30.150501,28.325495
1251,2018-02-10,29.797298,27.123205
1252,2018-02-11,29.444098,25.265274
1253,2018-02-12,29.0909,25.497946
1254,2018-02-13,28.737698,24.163153
1255,2018-02-14,28.3845,22.714128
1256,2018-02-15,28.0313,26.902365
1257,2018-02-16,28.088043,26.04656
1258,2018-02-17,28.144785,25.112957
1259,2018-02-18,28.201529,24.728977
1260,2018-02-19,28.258274,25.471012
1261,2018-02-20,28.315014,24.698061
1262,2018-02-21,28.37176,24.533102
1263,2018-02-22,28.428501,22.762167
1264,2018-02-23,27.095657,24.296915
1265,2018-02-24,25.762814,22.936882
1266,2018-02-25,24.429972,20.222275
1267,2018-02-26,23.097128,19.667732
1268,2018-02-27,21.764286,17.61543
1269,2018-02-28,20.431442,18.487486
1270,2018-03-01,19.0986,20.397106
1271,2018-03-02,19.338243,16.863811
1272,2018-03-03,19.577887,16.701244
1273,2018-03-04,19.817528,15.441864
1274,2018-03-05,20.05717,15.0619755
1275,2018-03-06,20.296814,15.78949
1276,2018-03-07,20.536457,14.7871065
1277,2018-03-08,20.7761,13.632296
1278,2018-03-09,20.298058,13.494807
1279,2018-03-10,19.820015,15.702527
1280,2018-03-11,19.341972,15.092482
1281,2018-03-12,18.863928,13.998912
1282,2018-03-13,18.385885,15.07222
1283,2018-03-14,17.907843,13.693987
1284,2018-03-15,17.4298,15.031621
1285,2018-03-16,16.878885,15.854958
1286,2018-03-17,16.32797,12.423812
1287,2018-03-18,15.777057,12.949124
1288,2018-03-19,15.226143,12.331465
1289,2018-03-20,14.675229,12.26255
1290,2018-03-21,14.124315,13.643872
1291,2018-03-22,13.5734,11.087284
1292,2018-03-23,12.972429,9.917753
1293,2018-03-24,12.371457,9.656056
1294,2018-03-25,11.770486,9.37691
1295,2018-03-26,11.169515,10.100814
1296,2018-03-27,10.5685425,9.631461
1297,2018-03-28,9.967571,10.215705
1298,2018-03-29,9.3666,9.702819
1299,2018-03-30,9.193829,9.320391
1300,2018-03-31,9.021057,9.066871
1301,2018-04-01,8.848286,9.76086
1302,2018-04-02,8.675514,11.326616
1303,2018-04-03,8.502743,10.647497
1304,2018-04-04,8.329971,10.994135
1305,2018-04-05,8.1572,10.018556
1306,2018-04-06,8.156915,8.130411
1307,2018-04-07,8.156629,9.797542
1308,2018-04-08,8.1563425,8.414975
1309,2018-04-09,8.156057,8.30668
1310,2018-04-10,8.155771,5.8677263
1311,2018-04-11,8.155486,6.5795555
1312,2018-04-12,8.1552,7.455509
1313,2018-04-13,7.7028,8.347672
1314,2018-04-14,7.2503996,8.449411
1315,2018-04-15,6.7979994,7.5596023
1316,2018-04-16,6.3456,7.168461
1317,2018-04-17,5.8932,4.8324404
1318,2018-04-18,5.4408,5.4781632
1319,2018-04-19,4.9884,4.7185116
1320,2018-04-20,4.704357,4.2175407
1321,2018-04-21,4.4203143,4.651994
1322,2018-04-22,4.1362715,4.0245323
1323,2018-04-23,3.8522286,4.775042
1324,2018-04-24,3.5681858,4.463418
1325,2018-04-25,3.284143,4.044139
1326,2018-04-26,3.0001,3.0499692
1327,2018-04-27,2.9702287,3.2884517
1328,2018-04-28,2.9403572,2.3738742
1329,2018-04-29,2.9104857,3.477702
1330,2018-04-30,2.8806143,2.4573746
1331,2018-05-01,2.8507428,2.3906145
1332,2018-05-02,2.8208714,3.035558
1333,2018-05-03,2.791,3.0080738
1334,2018-05-04,2.7145143,2.5625207
1335,2018-05-05,2.6380286,2.4321048
1336,2018-05-06,2.5615427,2.0634453
1337,2018-05-07,2.485057,1.6516898
1338,2018-05-08,2.4085715,2.2174535
1339,2018-05-09,2.3320856,2.8352282
1340,2018-05-10,2.2556,2.589075
1341,2018-05-11,2.294557,3.1893852
1342,2018-05-12,2.3335142,3.8095212
1343,2018-05-13,2.3724713,2.8090565
1344,2018-05-14,2.4114287,3.0719433
1345,2018-05-15,2.4503858,3.1104472
1346,2018-05-16,2.489343,2.9912474
1347,2018-05-17,2.5283,2.653847
1348,2018-05-18,2.4829285,2.3181338
1349,2018-05-19,2.4375572,2.3936443
1350,2018-05-20,2.3921857,2.3202362
1351,2018-05-21,2.3468144,2.769884
1352,2018-05-22,2.3014429,2.2822022
1353,2018-05-23,2.2560713,2.0045733
1354,2018-05-24,2.2107,1.2570392
1355,2018-05-25,2.0807428,1.3935984
1356,2018-05-26,1.9507859,2.314677
1357,2018-05-27,1.8208287,1.711908
1358,2018-05-28,1.6908715,2.1193674
1359,2018-05-29,1.5609143,2.0803103
1360,2018-05-30,1.4309572,2.996043
1361,2018-05-31,1.301,2.4060104
1362,2018-06-01,1.3236285,2.6366146
1363,2018-06-02,1.3462571,0.99850273
1364,2018-06-03,1.3688858,1.5803779
1365,2018-06-04,1.3915143,1.4800556
1366,2018-06-05,1.4141428,1.5388958
1367,2018-06-06,1.4367714,1.8082049
1368,2018-06-07,1.4594,2.2124226
1369,2018-06-08,1.4592571,1.8040562
1370,2018-06-09,1.4591143,1.1042824
1371,2018-06-10,1.4589714,2.0610948
1372,2018-06-11,1.4588286,1.8865128
1373,2018-06-12,1.4586858,2.0684483
1374,2018-06-13,1.4585428,1.38815
1375,2018-06-14,1.4584,1.6152563
1376,2018-06-15,1.5175858,1.6576443
1377,2018-06-16,1.5767714,0.5835062
1378,2018-06-17,1.6359571,1.2207626
1379,2018-06-18,1.695143,1.0111995
1380,2018-06-19,1.7543285,0.68585837
1381,2018-06-20,1.8135144,0.86537397
1382,2018-06-21,1.8727,0.86611617
1383,2018-06-22,1.8245285,0.79931027
1384,2018-06-23,1.7763573,1.641044
1385,2018-06-24,1.7281859,1.7820812
1386,2018-06-25,1.6800143,1.3422958
1387,2018-06-26,1.6318429,2.093441
1388,2018-06-27,1.5836715,1.8408039
1389,2018-06-28,1.5355,1.5956719
1390,2018-06-29,1.5126429,1.3280566
1391,2018-06-30,1.4897857,1.4931544
1392,2018-07-01,1.4669286,1.4514126
1393,2018-07-02,1.4440714,1.231972
1394,2018-07-03,1.4212143,1.3723387
1395,2018-07-04,1.3983572,1.8209633
1396,2018-07-05,1.3755,1.2123668
1397,2018-07-06,1.3162857,1.4479381
1398,2018-07-07,1.2570714,1.057913
1399,2018-07-08,1.1978571,0.35811952
1400,2018-07-09,1.1386429,0.60667145
1401,2018-07-10,1.0794286,0.4750403
1402,2018-07-11,1.0202143,0.3056859
1403,2018-07-12,0.9610001,1.138171
1404,2018-07-13,1.0259714,1.6608737
1405,2018-07-14,1.0909429,1.114342
1406,2018-07-15,1.1559143,1.4964695
1407,2018-07-16,1.2208858,1.2835133
1408,2018-07-17,1.2858572,1.1801814
1409,2018-07-18,1.3508285,0.7903935
1410,2018-07-19,1.4158,0.37113672
1411,2018-07-20,1.3983858,0.9960866
1412,2018-07-21,1.3809714,1.5707651
1413,2018-07-22,1.3635571,2.0078814
1414,2018-07-23,1.3461429,1.4200928
1415,2018-07-24,1.3287286,0.9325892
1416,2018-07-25,1.3113143,1.5584167
1417,2018-07-26,1.2939,1.1001234
1418,2018-07-27,1.2756143,0.7250096
1419,2018-07-28,1.2573286,0.3442309
1420,2018-07-29,1.2390429,0.701507
1421,2018-07-30,1.2207571,0.30647844
1422,2018-07-31,1.2024714,0.25401145
1423,2018-08-01,1.1841857,0.08921644
1424,2018-08-02,1.1659,0.4839534
1425,2018-08-03,1.2110143,0.14966156
1426,2018-08-04,1.2561285,0.21314582
1427,2018-08-05,1.3012428,0.60420805
1428,2018-08-06,1.3463571,0.2454259
1429,2018-08-07,1.3914714,0.6886491
1430,2018-08-08,1.4365857,0.5037587
1431,2018-08-09,1.4817,0.5681213
1432,2018-08-10,1.4144572,0.47731137
1433,2018-08-11,1.3472143,0.8291856
1434,2018-08-12,1.2799715,0.39516523
1435,2018-08-13,1.2127286,0.4676273
1436,2018-08-14,1.1454858,0.2728413
1437,2018-08-15,1.0782429,0.28374082
1438,2018-08-16,1.011,0.1820643
1439,2018-08-17,1.0682857,0.3352637
1440,2018-08-18,1.1255714,0.4737138
1441,2018-08-19,1.1828572,0.92642844
1442,2018-08-20,1.2401428,0.64763886
1443,2018-08-21,1.2974286,1.523296
1444,2018-08-22,1.3547143,0.8895624
1445,2018-08-23,1.412,0.6245791
1446,2018-08-24,1.3971143,1.0334238
1447,2018-08-25,1.3822286,0.7834465
1448,2018-08-26,1.3673428,0.7716104
1449,2018-08-27,1.3524572,1.397164
1450,2018-08-28,1.3375714,0.8570081
1451,2018-08-29,1.3226857,1.101773
1452,2018-08-30,1.3078,1.628452
1453,2018-08-31,1.3720714,1.8208128
1454,2018-09-01,1.4363428,2.3200762
1455,2018-09-02,1.5006143,2.2953088
1456,2018-09-03,1.5648857,1.4066459
1457,2018-09-04,1.6291573,1.2476028
1458,2018-09-05,1.6934284,1.2607089
1459,2018-09-06,1.7577,1.182418
1460,2018-09-07,1.7915571,1.1749482
1461,2018-09-08,1.8254143,2.1580098
1462,2018-09-09,1.8592714,2.0207675
1463,2018-09-10,1.8931286,1.9466143
1464,2018-09-11,1.9269857,2.300287
1465,2018-09-12,1.9608428,2.76261
1466,2018-09-13,1.9946998,2.9926333
1467,2018-09-14,2.1251428,2.9856315
1468,2018-09-15,2.2555857,3.1100745
1469,2018-09-16,2.3860285,3.4396248
1470,2018-09-17,2.5164714,3.860503
1471,2018-09-18,2.6469142,3.521293
1472,2018-09-19,2.777357,3.7528427
1473,2018-09-20,2.9078,3.6927865
1474,2018-09-21,2.9476142,3.3889022
1475,2018-09-22,2.9874287,3.2427993
1476,2018-09-23,3.027243,3.395127
1477,2018-09-24,3.0670571,4.095588
1478,2018-09-25,3.1068714,3.7577782
1479,2018-09-26,3.1466856,4.0996146
1480,2018-09-27,3.1865,3.1184525
1481,2018-09-28,3.3177285,3.8439312
1482,2018-09-29,3.448957,4.2907195
1483,2018-09-30,3.5801857,3.9513474
1484,2018-10-01,3.7114143,5.0254054
1485,2018-10-02,3.842643,4.966401
1486,2018-10-03,3.9738717,5.7533493
1487,2018-10-04,4.1051,5.9456725
1488,2018-10-05,4.103157,4.4623313
1489,2018-10-06,4.1012144,4.845489
1490,2018-10-07,4.0992713,4.7921395
1491,2018-10-08,4.0973287,5.0186834
1492,2018-10-09,4.0953856,5.1747985
1493,2018-10-10,4.093443,5.340283
1494,2018-10-11,4.0915,4.584858
1495,2018-10-12,4.1275287,5.01735
1496,2018-10-13,4.163557,5.0177336
1497,2018-10-14,4.199586,5.394184
1498,2018-10-15,4.2356143,5.3436837
1499,2018-10-16,4.2716427,4.663075
1500,2018-10-17,4.3076715,5.1719694
1501,2018-10-18,4.3437,4.081422
1502,2018-10-19,4.2661858,3.9228725
1503,2018-10-20,4.1886716,3.3082893
1504,2018-10-21,4.111157,3.378666
1505,2018-10-22,4.033643,4.3437767
1506,2018-10-23,3.9561286,3.9856324
1507,2018-10-24,3.878614,2.661426
1508,2018-10-25,3.8011003,3.2538364
1509,2018-10-26,3.8988717,4.246675
1510,2018-10-27,3.9966426,4.0001907
1511,2018-10-28,4.094414,3.391765
1512,2018-10-29,4.192186,2.9097342
1513,2018-10-30,4.289957,3.7065341
1514,2018-10-31,4.3877287,4.105109
1515,2018-11-01,4.4855,3.9595017
1516,2018-11-02,4.4774714,4.579525
1517,2018-11-03,4.469443,5.4788847
1518,2018-11-04,4.4614143,5.240675
1519,2018-11-05,4.453386,5.404168
1520,2018-11-06,4.4453573,5.4293184
1521,2018-11-07,4.4373283,5.106777
1522,2018-11-08,4.4293,5.337669
1523,2018-11-09,4.456843,4.905325
1524,2018-11-10,4.4843855,5.4404106
1525,2018-11-11,4.5119286,5.503003
1526,2018-11-12,4.5394716,5.303361
1527,2018-11-13,4.567014,5.2409143
1528,2018-11-14,4.5945573,6.3743525
1529,2018-11-15,4.6221,4.729856
1530,2018-11-16,4.797443,4.496005
1531,2018-11-17,4.972786,4.5730042
1532,2018-11-18,5.1481285,4.1954255
1533,2018-11-19,5.3234715,5.051541
1534,2018-11-20,5.498814,5.6573515
1535,2018-11-21,5.674157,5.4662466
1536,2018-11-22,5.8495,4.793429
1537,2018-11-23,5.9751573,2.8493807
1538,2018-11-24,6.1008143,3.7635937
1539,2018-11-25,6.2264714,3.4341474
1540,2018-11-26,6.3521285,4.3446684
1541,2018-11-27,6.4777856,4.3201714
1542,2018-11-28,6.603442,5.038272
1543,2018-11-29,6.7291,5.3091903
1544,2018-11-30,6.743786,5.2596917
1545,2018-12-01,6.7584715,6.465163
1546,2018-12-02,6.7731566,6.00619
1547,2018-12-03,6.7878428,6.723362
1548,2018-12-04,6.8025284,7.2687593
1549,2018-12-05,6.817214,7.868478
1550,2018-12-06,6.8319,6.945269
1551,2018-12-07,6.8571715,7.35606
1552,2018-12-08,6.8824434,6.7204614
1553,2018-12-09,6.907714,8.430528
1554,2018-12-10,6.932986,7.507351
1555,2018-12-11,6.958257,8.724834
1556,2018-12-12,6.983529,8.966269
1557,2018-12-13,7.0087996,9.498055
1558,2018-12-14,7.430543,8.780151
1559,2018-12-15,7.852286,8.053729
1560,2018-12-16,8.274029,7.1509223
1561,2018-12-17,8.695771,8.677544
1562,2018-12-18,9.117515,8.243265
1563,2018-12-19,9.539257,8.095339
1564,2018-12-20,9.961,9.138104
1565,2018-12-21,9.804843,8.032051
1566,2018-12-22,9.648685,7.9802713
1567,2018-12-23,9.492529,7.9542303
1568,2018-12-24,9.336371,7.5743713
1569,2018-12-25,9.180214,10.193567
1570,2018-12-26,9.024057,10.220938
1571,2018-12-27,8.8679,10.540402
1572,2018-12-28,9.6814,9.757937
1573,2018-12-29,10.4949,11.195543
1574,2018-12-30,11.3084,11.54271
1575,2018-12-31,12.1219,10.148016
1576,2019-01-01,12.9354,12.166045
1577,2019-01-02,13.748899,13.549283
1578,2019-01-03,14.562399,16.670046
1579,2019-01-04,15.379758,17.448444
1580,2019-01-05,16.197115,18.217869
1581,2019-01-06,17.014471,17.764404
1582,2019-01-07,17.83183,20.476093
1583,2019-01-08,18.649185,17.795124
1584,2019-01-09,19.466543,20.271639
1585,2019-01-10,20.2839,22.044155
1586,2019-01-11,20.066658,21.80186
1587,2019-01-12,19.849415,22.855423
1588,2019-01-13,19.632172,23.005348
1589,2019-01-14,19.414928,21.786318
1590,2019-01-15,19.197685,20.662834
1591,2019-01-16,18.980442,17.825274
1592,2019-01-17,18.7632,18.057339
1593,2019-01-18,18.88313,17.112946
1594,2019-01-19,19.003057,18.562534
1595,2019-01-20,19.122986,20.336246
1596,2019-01-21,19.242914,16.736158
1597,2019-01-22,19.362843,18.926706
1598,2019-01-23,19.48277,20.587767
1599,2019-01-24,19.6027,17.69112
1600,2019-01-25,19.884272,17.419527
1601,2019-01-26,20.165842,15.42565
1602,2019-01-27,20.447414,14.586917
1603,2019-01-28,20.728985,15.755641
1604,2019-01-29,21.010557,16.400127
1605,2019-01-30,21.29213,18.189013
1606,2019-01-31,21.5737,16.840046
1607,2019-02-01,22.0329,15.9366045
1608,2019-02-02,22.4921,18.296358
1609,2019-02-03,22.9513,16.106182
1610,2019-02-04,23.4105,18.363443
1611,2019-02-05,23.8697,18.36307
1612,2019-02-06,24.3289,19.349947
1613,2019-02-07,24.7881,17.740479
1614,2019-02-08,24.234585,17.835964
1615,2019-02-09,23.681072,17.964876
1616,2019-02-10,23.127558,20.378485
1617,2019-02-11,22.574043,21.781776
1618,2019-02-12,22.020529,22.132147
1619,2019-02-13,21.467014,23.420717
1620,2019-02-14,20.9135,25.050074
1621,2019-02-15,20.3874,25.431051
1622,2019-02-16,19.8613,22.317537
1623,2019-02-17,19.3352,22.274502
1624,2019-02-18,18.8091,19.468637
1625,2019-02-19,18.283,22.012508
1626,2019-02-20,17.7569,20.369488
1627,2019-02-21,17.2308,17.120304
1628,2019-02-22,16.476385,16.093468
1629,2019-02-23,15.7219715,17.953125
1630,2019-02-24,14.967557,17.012878
1631,2019-02-25,14.213142,16.293434
1632,2019-02-26,13.458728,14.585054
1633,2019-02-27,12.704314,13.901634
1634,2019-02-28,11.9499,14.561386
1635,2019-03-01,11.592886,12.477089
1636,2019-03-02,11.235871,12.185402
1637,2019-03-03,10.878858,11.885035
1638,2019-03-04,10.521843,11.045691
1639,2019-03-05,10.164828,10.873125
1640,2019-03-06,9.807815,11.538515
1641,2019-03-07,9.4508,11.299301
1642,2019-03-08,9.182714,9.19705
1643,2019-03-09,8.914629,9.248985
1644,2019-03-10,8.646543,9.108995
1645,2019-03-11,8.378457,10.256148
1646,2019-03-12,8.110372,9.442736
1647,2019-03-13,7.842286,8.743481
1648,2019-03-14,7.5742006,9.581359
1649,2019-03-15,7.459643,9.31418
1650,2019-03-16,7.345086,8.903644
1651,2019-03-17,7.2305284,6.1020103
1652,2019-03-18,7.1159716,7.2138085
1653,2019-03-19,7.0014143,9.028717
1654,2019-03-20,6.886857,9.834566
1655,2019-03-21,6.7723,8.382674
1656,2019-03-22,6.672629,8.312925
1657,2019-03-23,6.572957,9.311663
1658,2019-03-24,6.4732857,10.572869
1659,2019-03-25,6.3736143,11.017226
1660,2019-03-26,6.273943,9.967863
1661,2019-03-27,6.1742716,9.725916
1662,2019-03-28,6.0746,8.385317
1663,2019-03-29,5.947157,8.849136
1664,2019-03-30,5.819714,7.65552
1665,2019-03-31,5.692271,7.4692125
1666,2019-04-01,5.5648284,7.6125975
1667,2019-04-02,5.4373856,6.7333117
1668,2019-04-03,5.3099427,7.891597
1669,2019-04-04,5.1825,7.687327
1670,2019-04-05,5.1158,7.771196
1671,2019-04-06,5.0491,8.071379
1672,2019-04-07,4.9824,6.003743
1673,2019-04-08,4.9157,7.3541613
1674,2019-04-09,4.849,10.173802
1675,2019-04-10,4.7823,9.0331745
1676,2019-04-11,4.7156,9.793373
1677,2019-04-12,4.5209,7.6455245
1678,2019-04-13,4.3262,7.7378435
1679,2019-04-14,4.1315,6.66179
1680,2019-04-15,3.9368,6.468333
1681,2019-04-16,3.7421002,6.7339034
1682,2019-04-17,3.5474,6.623046
1683,2019-04-18,3.3527,8.666949
1684,2019-04-19,3.2683997,8.498525
1685,2019-04-20,3.1841,6.3379188
1686,2019-04-21,3.0998,8.103693
1687,2019-04-22,3.0155,5.961379
1688,2019-04-23,2.9312,6.784726
1689,2019-04-24,2.8469,6.950972
1690,2019-04-25,2.7626,5.7417555
1691,2019-04-26,2.8682427,6.027478
1692,2019-04-27,2.9738858,5.3043013
1693,2019-04-28,3.0795286,4.6326084
1694,2019-04-29,3.1851714,5.267019
1695,2019-04-30,3.2908142,5.209382
1696,2019-05-01,3.3964572,4.4038267
1697,2019-05-02,3.5021,5.0200963
1698,2019-05-03,3.3744998,4.4934974
1699,2019-05-04,3.2469,4.1677403
1700,2019-05-05,3.1193,4.0291944
1701,2019-05-06,2.9917,3.3501122
1702,2019-05-07,2.8641,3.3321176
1703,2019-05-08,2.7365,3.3819458
1704,2019-05-09,2.6089,3.060514
1705,2019-05-10,2.611957,3.6223903
1706,2019-05-11,2.6150143,4.053706
1707,2019-05-12,2.6180713,3.8815422
1708,2019-05-13,2.6211286,3.4695156
1709,2019-05-14,2.6241858,3.2385201
1710,2019-05-15,2.6272428,3.5497925
1711,2019-05-16,2.6303,2.963054
1712,2019-05-17,2.5802858,2.8255947
1713,2019-05-18,2.5302715,3.0563388
1714,2019-05-19,2.480257,3.6888416
1715,2019-05-20,2.4302428,4.036752
1716,2019-05-21,2.3802285,4.8623133
1717,2019-05-22,2.3302143,4.0515
1718,2019-05-23,2.2802,3.7028632
1719,2019-05-24,2.2413428,4.0606985
1720,2019-05-25,2.2024858,5.227723
1721,2019-05-26,2.1636286,4.116685
1722,2019-05-27,2.1247714,2.611934
1723,2019-05-28,2.0859144,2.9998593
1724,2019-05-29,2.0470572,3.5442672
1725,2019-05-30,2.0082,3.173824
1726,2019-05-31,1.9933857,3.0107703
1727,2019-06-01,1.9785713,2.9314637
1728,2019-06-02,1.9637572,2.9331098
1729,2019-06-03,1.9489429,2.6207654
1730,2019-06-04,1.9341285,2.3998487
1731,2019-06-05,1.9193141,2.9235492
1732,2019-06-06,1.9045,2.5531964
1733,2019-06-07,1.9424572,2.5958257
1734,2019-06-08,1.9804142,2.698319
1735,2019-06-09,2.0183713,2.7540727
1736,2019-06-10,2.0563285,2.8250186
1737,2019-06-11,2.0942857,2.8197045
1738,2019-06-12,2.132243,2.5659792
1739,2019-06-13,2.1702,2.4629009
1740,2019-06-14,2.1188285,2.8483942
1741,2019-06-15,2.0674572,3.2520764
1742,2019-06-16,2.0160856,2.5028896
1743,2019-06-17,1.9647143,2.6727033
1744,2019-06-18,1.9133428,2.7840858
1745,2019-06-19,1.8619713,3.4087746
1746,2019-06-20,1.8106,3.582787
1747,2019-06-21,1.8175142,3.103402
1748,2019-06-22,1.8244286,3.6218457
1749,2019-06-23,1.8313429,3.0984275
1750,2019-06-24,1.8382572,2.7506092
1751,2019-06-25,1.8451713,2.309929
1752,2019-06-26,1.8520857,3.6067975
1753,2019-06-27,1.859,3.9330227
1754,2019-06-28,1.7797858,3.7438598
1755,2019-06-29,1.7005714,3.8163357
1756,2019-06-30,1.6213572,3.9623973
1757,2019-07-01,1.5421429,3.3334057
1758,2019-07-02,1.4629285,3.4536977
1759,2019-07-03,1.3837143,3.3153787
1760,2019-07-04,1.3045,2.6754735
1761,2019-07-05,1.3187429,2.7693348
1762,2019-07-06,1.3329858,2.7088509
1763,2019-07-07,1.3472285,3.7495332
1764,2019-07-08,1.3614714,2.5757096
1765,2019-07-09,1.3757143,2.844848
1766,2019-07-10,1.3899572,3.3258042
1767,2019-07-11,1.4042,3.0256307
1768,2019-07-12,1.4126285,3.053505
1769,2019-07-13,1.4210571,2.9613066
1770,2019-07-14,1.4294857,2.1484315
1771,2019-07-15,1.4379143,2.077292
1772,2019-07-16,1.4463428,2.664227
1773,2019-07-17,1.4547714,3.1152146
1774,2019-07-18,1.4632,2.7155004
1775,2019-07-19,1.4002143,2.6483014
1776,2019-07-20,1.3372285,2.5246885
1777,2019-07-21,1.2742429,2.4616451
1778,2019-07-22,1.2112571,1.962765
1779,2019-07-23,1.1482714,1.9393919
1780,2019-07-24,1.0852857,2.596452
1781,2019-07-25,1.0223,2.3798687
1782,2019-07-26,1.0643572,2.5713568
1783,2019-07-27,1.1064143,2.6061625
1784,2019-07-28,1.1484715,2.8946753
1785,2019-07-29,1.1905285,2.0092337
1786,2019-07-30,1.2325857,1.7361767
1787,2019-07-31,1.2746428,1.9997237
1788,2019-08-01,1.3167,2.000791
1789,2019-08-02,1.3479428,1.9826725
1790,2019-08-03,1.3791857,3.1854668
1791,2019-08-04,1.4104285,3.698424
1792,2019-08-05,1.4416714,3.0311313
1793,2019-08-06,1.4729143,2.8111
1794,2019-08-07,1.5041572,2.729607
1795,2019-08-08,1.5354,2.4341607
1796,2019-08-09,1.5052571,2.5094025
1797,2019-08-10,1.4751142,2.328445
1798,2019-08-11,1.4449714,2.5043082
1799,2019-08-12,1.4148285,2.4088528
1800,2019-08-13,1.3846858,2.6395524
1801,2019-08-14,1.3545429,2.4712195
1802,2019-08-15,1.3244,2.399379
1803,2019-08-16,1.3136142,3.1048493
1804,2019-08-17,1.3028286,2.5252023
1805,2019-08-18,1.2920429,1.8412085
1806,2019-08-19,1.2812572,2.100133
1807,2019-08-20,1.2704715,2.2775476
1808,2019-08-21,1.2596858,2.3755474
1809,2019-08-22,1.2489,2.5820005
1810,2019-08-23,1.262,2.2123227
1811,2019-08-24,1.2751,2.1210275
1812,2019-08-25,1.2882,2.3206732
1813,2019-08-26,1.3013,2.3766398
1814,2019-08-27,1.3144,2.59648
1815,2019-08-28,1.3275,2.2192903
1816,2019-08-29,1.3406,1.9771092
1817,2019-08-30,1.3727857,1.6471281
1818,2019-08-31,1.4049715,1.6101325
1819,2019-09-01,1.4371572,2.6729732
1820,2019-09-02,1.4693428,2.9503818
1821,2019-09-03,1.5015286,2.3387446
1822,2019-09-04,1.5337143,2.2489016
1823,2019-09-05,1.5659,2.286705
1824,2019-09-06,1.6255858,2.279118
1825,2019-09-07,1.6852715,2.667544
